timestamp,emotion,confidence,posture,state
2026-05-20 14:44:01.859594,Sadness,26.65,Disengaged,Slouched
2026-05-20 14:44:02.311706,Sadness,27.02,Disengaged,Slouched
2026-05-20 14:44:02.564769,Sadness,30.36,Disengaged,Slouched
2026-05-20 14:44:02.787823,Sadness,30.95,Disengaged,Slouched
2026-05-20 14:44:03.056893,Sadness,26.15,Disengaged,Slouched
2026-05-20 14:44:03.268945,Sadness,29.98,Disengaged,Slouched
2026-05-20 14:44:03.452992,Sadness,32.07,Disengaged,Slouched
2026-05-20 14:44:03.652041,Sadness,29.25,Disengaged,Slouched
2026-05-20 14:44:03.876101,Sadness,32.48,Disengaged,Slouched
2026-05-20 14:44:04.113158,Sadness,31.12,Disengaged,Slouched
2026-05-20 14:44:04.311210,Sadness,28.13,Disengaged,Slouched
2026-05-20 14:44:04.833341,Sadness,26.91,Disengaged,Slouched
2026-05-20 14:44:05.053398,Sadness,28.27,Disengaged,Slouched
2026-05-20 14:44:05.282455,Sadness,27.98,Disengaged,Slouched
2026-05-20 14:44:05.494507,Sadness,28.74,Disengaged,Slouched
2026-05-20 14:44:05.766578,Sadness,29.96,Disengaged,Slouched
2026-05-20 14:44:05.948621,Sadness,33.11,Disengaged,Slouched
2026-05-20 14:44:06.632792,Sadness,48.69,Disengaged,Slouched
2026-05-20 14:44:06.823840,Sadness,72.78,Disengaged,Slouched
2026-05-20 14:44:07.973134,Sadness,64.31,Disengaged,Slouched
2026-05-20 14:44:08.241198,Sadness,27.89,Disengaged,Slouched
2026-05-20 14:44:08.435248,Sadness,29.05,Disengaged,Slouched
2026-05-20 14:44:08.623299,Sadness,25.57,Disengaged,Slouched
2026-05-20 14:44:09.419570,Sadness,26.85,Disengaged,Slouched
2026-05-20 14:44:10.246830,Sadness,23.75,Disengaged,Slouched
2026-05-20 14:44:10.457879,Sadness,36.63,Disengaged,Slouched
2026-05-20 14:44:10.981014,Sadness,37.82,Disengaged,Slouched
2026-05-20 14:44:11.198096,Sadness,43.55,Disengaged,Slouched
2026-05-20 14:44:11.488163,Sadness,36.4,Disengaged,Slouched
2026-05-20 14:44:12.271965,Sadness,26.96,Disengaged,Slouched
2026-05-20 14:44:13.595357,Sadness,27.96,Disengaged,Slouched
2026-05-20 14:44:14.381093,ContemptHappiness,26.59,Disengaged,Slouched
2026-05-20 14:44:14.967760,ContemptHappiness,29.46,Disengaged,Slouched
2026-05-20 14:44:15.234828,Sadness,29.3,Disengaged,Slouched
2026-05-20 14:44:15.446879,Sadness,32.13,Disengaged,Slouched
2026-05-20 14:44:15.926999,Sadness,38.95,Disengaged,Slouched
2026-05-20 14:44:16.374165,Sadness,33.89,Disengaged,Slouched
2026-05-20 14:44:16.593213,Sadness,31.81,Disengaged,Slouched
2026-05-20 14:44:16.828271,Sadness,27.57,Disengaged,Slouched
2026-05-20 14:44:17.048329,Sadness,29.21,Disengaged,Slouched
2026-05-20 14:44:19.375970,Sadness,29.1,Disengaged,Slouched
2026-05-20 14:44:19.574015,Sadness,29.16,Disengaged,Slouched
2026-05-20 14:44:19.792073,Sadness,28.68,Disengaged,Slouched
2026-05-20 14:44:20.348212,Sadness,32.29,Disengaged,Slouched
2026-05-20 14:44:21.810169,Sadness,26.98,Disengaged,Slouched
2026-05-20 14:44:21.996213,Sadness,27.83,Disengaged,Slouched
2026-05-20 14:44:22.176258,Sadness,26.76,Disengaged,Slouched
2026-05-20 14:44:22.367308,Sadness,26.13,Disengaged,Slouched
2026-05-20 14:44:22.540350,Sadness,26.09,Disengaged,Slouched
2026-05-20 14:44:22.718398,Sadness,26.08,Disengaged,Slouched
2026-05-20 14:44:22.913449,Sadness,26.14,Disengaged,Slouched
2026-05-20 14:44:23.114493,Surprise,25.84,Disengaged,Slouched
2026-05-20 14:44:23.311547,Surprise,25.85,Disengaged,Slouched
2026-05-20 14:44:23.512595,Surprise,27.76,Disengaged,Slouched
2026-05-20 14:44:23.794667,Surprise,28.31,Disengaged,Slouched
2026-05-20 14:44:24.115749,Sadness,26.52,Disengaged,Slouched
2026-05-20 14:44:24.833925,Sadness,28.09,Disengaged,Slouched
2026-05-20 14:44:25.037976,Sadness,28.89,Disengaged,Slouched
2026-05-20 14:44:25.243027,Sadness,25.89,Disengaged,Slouched
2026-05-20 14:44:25.420071,Sadness,22.07,Disengaged,Slouched
2026-05-20 14:44:25.627122,Sadness,30.07,Disengaged,Slouched
2026-05-20 14:44:25.815171,Sadness,27.41,Disengaged,Slouched
2026-05-20 14:44:26.158257,Sadness,22.46,Disengaged,Slouched
2026-05-20 14:44:26.358309,Sadness,25.8,Disengaged,Slouched
2026-05-20 14:44:26.533354,Sadness,30.55,Disengaged,Slouched
2026-05-20 14:44:27.448632,Sadness,24.27,Disengaged,Slouched
2026-05-20 14:44:27.687692,Sadness,24.9,Disengaged,Slouched
2026-05-20 14:44:28.347925,Sadness,25.65,Disengaged,Slouched
2026-05-20 14:44:28.723025,Sadness,26.78,Disengaged,Slouched
2026-05-20 14:44:29.173670,Sadness,23.86,Disengaged,Slouched
2026-05-20 14:44:29.379238,Sadness,36.29,Disengaged,Slouched
2026-05-20 14:44:29.574286,Sadness,45.28,Disengaged,Slouched
2026-05-20 14:44:29.912372,Sadness,40.88,Disengaged,Slouched
2026-05-20 14:44:30.157435,Sadness,55.92,Disengaged,Slouched
2026-05-20 14:44:30.396491,ContemptHappiness,39.67,Disengaged,Slouched
2026-05-20 14:44:30.609574,Sadness,25.32,Disengaged,Slouched
2026-05-20 14:44:30.824629,Sadness,28.41,Disengaged,Slouched
2026-05-20 14:44:31.036683,Sadness,24.26,Disengaged,Slouched
2026-05-20 14:44:31.281288,Sadness,34.1,Disengaged,Slouched
2026-05-20 14:44:31.843482,Sadness,28.81,Disengaged,Slouched
2026-05-20 14:44:33.372869,Sadness,23.84,Disengaged,Slouched
2026-05-20 14:44:33.593929,ContemptHappiness,27.22,Disengaged,Slouched
2026-05-20 14:44:33.870993,ContemptHappiness,47.91,Disengaged,Slouched
2026-05-20 14:44:34.053037,ContemptHappiness,24.7,Disengaged,Slouched
2026-05-20 14:44:36.080619,ContemptHappiness,37.63,Disengaged,Slouched
2026-05-20 14:44:36.635756,ContemptHappiness,48.49,Disengaged,Slouched
2026-05-20 14:44:36.834813,ContemptHappiness,71.11,Disengaged,Slouched
2026-05-20 14:44:37.021850,ContemptHappiness,36.34,Disengaged,Slouched
2026-05-20 14:44:37.371939,ContemptHappiness,34.67,Disengaged,Slouched
2026-05-20 14:44:37.563988,ContemptHappiness,65.24,Disengaged,Slouched
2026-05-20 14:44:38.081121,ContemptHappiness,49.9,Disengaged,Slouched
2026-05-20 14:44:38.293681,ContemptHappiness,22.12,Disengaged,Slouched
2026-05-20 14:44:38.969897,ContemptHappiness,27.44,Disengaged,Slouched
2026-05-20 14:44:39.195948,ContemptHappiness,25.85,Disengaged,Slouched
2026-05-20 14:44:39.415006,ContemptHappiness,25.27,Disengaged,Slouched
2026-05-20 14:44:39.644065,ContemptHappiness,47.19,Disengaged,Slouched
2026-05-20 14:44:40.045159,ContemptHappiness,25.24,Disengaged,Slouched
2026-05-20 14:44:40.238212,ContemptHappiness,23.32,Disengaged,Slouched
2026-05-20 14:44:40.425258,ContemptHappiness,38.64,Disengaged,Slouched
2026-05-20 14:44:40.601308,ContemptHappiness,25.7,Disengaged,Slouched
2026-05-20 14:44:40.778346,ContemptHappiness,25.21,Disengaged,Slouched
2026-05-20 14:44:42.181700,ContemptHappiness,29.5,Disengaged,Slouched
2026-05-20 14:44:42.393752,ContemptHappiness,25.97,Disengaged,Slouched
2026-05-20 14:44:42.596808,Sadness,26.64,Disengaged,Slouched
2026-05-20 14:44:42.810855,Sadness,27.05,Disengaged,Slouched
2026-05-20 14:44:43.009904,Sadness,30.31,Disengaged,Slouched
2026-05-20 14:44:43.193950,Sadness,30.07,Disengaged,Slouched
2026-05-20 14:44:43.395004,Sadness,28.97,Disengaged,Slouched
2026-05-20 14:44:43.595049,Sadness,30.69,Disengaged,Slouched
2026-05-20 14:44:43.789100,Sadness,28.86,Disengaged,Slouched
2026-05-20 14:44:43.972669,Sadness,33.45,Disengaged,Slouched
2026-05-20 14:44:44.158714,Sadness,33.17,Disengaged,Slouched
2026-05-20 14:44:44.354791,Sadness,21.99,Disengaged,Slouched
2026-05-20 14:44:44.542815,Sadness,22.12,Disengaged,Slouched
2026-05-20 14:44:44.728865,Sadness,24.02,Disengaged,Slouched
2026-05-20 14:44:44.977924,Sadness,22.99,Disengaged,Slouched
2026-05-20 14:44:45.253996,Sadness,27.47,Disengaged,Slouched
2026-05-20 14:44:45.505058,Sadness,35.7,Disengaged,Slouched
2026-05-20 14:44:45.735114,Sadness,31.99,Disengaged,Slouched
2026-05-20 14:44:45.933161,Sadness,32.16,Disengaged,Slouched
2026-05-20 14:44:46.131210,Sadness,27.63,Disengaged,Slouched
2026-05-20 14:44:46.345265,Sadness,28.2,Disengaged,Slouched
2026-05-20 14:44:46.535316,Sadness,28.81,Disengaged,Slouched
2026-05-20 14:44:46.740368,Sadness,25.68,Disengaged,Slouched
2026-05-20 14:44:46.925411,Sadness,31.84,Disengaged,Slouched
2026-05-20 14:44:47.099456,Sadness,34.72,Disengaged,Slouched
2026-05-20 14:44:47.289509,Sadness,35.65,Disengaged,Slouched
2026-05-20 14:44:47.468552,Sadness,30.02,Disengaged,Slouched
2026-05-20 14:44:47.664598,Sadness,36.21,Disengaged,Slouched
2026-05-20 14:44:47.915661,Sadness,33.99,Disengaged,Slouched
2026-05-20 14:44:48.574869,Sadness,30.97,Disengaged,Slouched
2026-05-20 14:44:49.162015,Sadness,31.86,Disengaged,Slouched
2026-05-20 14:44:49.353062,Sadness,24.18,Disengaged,Slouched
2026-05-20 14:44:49.544107,Sadness,21.92,Disengaged,Slouched
2026-05-20 14:44:49.723153,Sadness,29.4,Disengaged,Slouched
2026-05-20 14:44:49.904197,Sadness,29.81,Disengaged,Slouched
2026-05-20 14:44:50.094246,Sadness,29.95,Disengaged,Slouched
2026-05-20 14:44:50.783467,Sadness,26.42,Disengaged,Slouched
2026-05-20 14:44:50.960511,Sadness,33.56,Disengaged,Slouched
2026-05-20 14:44:51.397622,Sadness,32.46,Disengaged,Slouched
2026-05-20 14:44:51.801820,Sadness,31.26,Disengaged,Slouched
2026-05-20 14:44:52.008860,Sadness,29.33,Disengaged,Slouched
2026-05-20 14:44:52.220916,Sadness,28.83,Disengaged,Slouched
2026-05-20 14:44:52.407960,Sadness,30.68,Disengaged,Slouched
2026-05-20 14:44:52.595534,Sadness,32.09,Disengaged,Slouched
2026-05-20 14:44:52.786581,Sadness,34.14,Disengaged,Slouched
2026-05-20 14:44:52.971627,Sadness,28.62,Disengaged,Slouched
2026-05-20 14:44:53.164677,Sadness,29.85,Disengaged,Slouched
2026-05-20 14:44:53.351733,Sadness,32.57,Disengaged,Slouched
2026-05-20 14:44:53.526768,Sadness,34.66,Disengaged,Slouched
2026-05-20 14:44:53.692845,Sadness,32.48,Disengaged,Slouched
2026-05-20 14:44:53.859886,Sadness,31.0,Disengaged,Slouched
2026-05-20 14:44:54.062942,Sadness,31.97,Disengaged,Slouched
2026-05-20 14:44:54.268990,Sadness,30.47,Disengaged,Slouched
2026-05-20 14:44:54.483046,Sadness,33.74,Disengaged,Slouched
2026-05-20 14:44:54.688097,Sadness,31.66,Disengaged,Slouched
2026-05-20 14:44:54.885150,Sadness,35.22,Disengaged,Slouched
2026-05-20 14:44:55.060235,Sadness,26.9,Disengaged,Slouched
2026-05-20 14:44:55.249285,Sadness,28.64,Disengaged,Slouched
2026-05-20 14:44:55.449862,Sadness,25.67,Disengaged,Slouched
2026-05-20 14:44:55.627901,Sadness,23.38,Disengaged,Slouched
2026-05-20 14:44:55.798942,Sadness,27.98,Disengaged,Slouched
2026-05-20 14:44:55.979993,Sadness,26.42,Disengaged,Slouched
2026-05-20 14:44:56.167039,Sadness,28.83,Disengaged,Slouched
2026-05-20 14:44:56.354083,Sadness,29.12,Disengaged,Slouched
2026-05-20 14:44:56.559139,Sadness,33.21,Disengaged,Slouched
2026-05-20 14:44:56.963236,Sadness,30.84,Disengaged,Slouched
2026-05-20 14:44:57.257313,Sadness,33.78,Disengaged,Slouched
2026-05-20 14:44:57.862464,Sadness,34.66,Disengaged,Slouched
2026-05-20 14:45:00.332078,Sadness,34.79,Disengaged,Slouched
2026-05-20 14:45:00.792199,Sadness,32.78,Disengaged,Slouched
2026-05-20 14:45:01.225308,Sadness,30.21,Disengaged,Slouched
2026-05-20 14:45:05.912523,Sadness,31.37,Disengaged,Slouched
2026-05-20 14:45:06.188634,Sadness,32.18,Disengaged,Slouched
2026-05-20 14:45:06.442699,Sadness,32.24,Disengaged,Slouched
2026-05-20 14:45:06.699758,Sadness,29.68,Disengaged,Slouched
2026-05-20 14:45:08.120161,Sadness,37.28,Disengaged,Slouched
2026-05-20 14:45:09.077444,Sadness,40.04,Disengaged,Slouched
2026-05-20 14:45:09.913652,Sadness,34.94,Disengaged,Slouched
2026-05-20 14:45:10.791391,Sadness,31.81,Disengaged,Slouched
2026-05-20 14:45:11.371606,Sadness,29.46,Disengaged,Slouched
2026-05-20 14:45:11.980757,Sadness,28.4,Disengaged,Slouched
2026-05-20 14:45:12.482889,Sadness,30.59,Disengaged,Slouched
2026-05-20 14:45:12.774033,Sadness,31.71,Disengaged,Slouched
2026-05-20 14:45:13.065159,Sadness,33.18,Disengaged,Slouched
2026-05-20 14:45:13.324265,Sadness,32.89,Disengaged,Slouched
2026-05-20 14:45:13.638343,Sadness,32.29,Disengaged,Slouched
2026-05-20 14:45:13.954423,Sadness,30.99,Disengaged,Slouched
2026-05-20 14:45:14.514563,Sadness,31.93,Disengaged,Slouched
2026-05-20 14:45:15.341771,Sadness,29.82,Disengaged,Slouched
2026-05-20 14:45:15.936915,Sadness,28.83,Disengaged,Slouched
2026-05-20 14:45:16.252000,Sadness,27.52,Disengaged,Slouched
2026-05-20 14:45:16.753119,Sadness,28.86,Disengaged,Slouched
2026-05-20 14:45:17.619339,Sadness,28.73,Disengaged,Slouched
2026-05-20 14:45:17.937419,Sadness,28.05,Disengaged,Slouched
2026-05-20 14:45:18.156472,Sadness,26.79,Disengaged,Slouched
2026-05-20 14:45:18.486556,Sadness,28.91,Disengaged,Slouched
2026-05-20 14:45:18.775632,Sadness,28.15,Disengaged,Slouched
2026-05-20 14:45:19.081707,Sadness,27.4,Disengaged,Slouched
2026-05-20 14:45:19.438797,Sadness,28.09,Disengaged,Slouched
2026-05-20 14:45:19.690859,Sadness,27.37,Disengaged,Slouched
2026-05-20 14:45:19.921917,Sadness,28.36,Disengaged,Slouched
2026-05-20 14:45:20.164975,Sadness,28.86,Disengaged,Slouched
2026-05-20 14:45:20.404036,Sadness,34.17,Disengaged,Slouched
2026-05-20 14:45:20.694147,Sadness,33.16,Disengaged,Slouched
2026-05-20 14:45:20.949210,Sadness,34.95,Disengaged,Slouched
2026-05-20 14:45:21.191295,Sadness,33.66,Disengaged,Slouched
2026-05-20 14:45:21.394323,Sadness,37.77,Disengaged,Slouched
2026-05-20 14:45:21.653391,Sadness,37.03,Disengaged,Slouched
2026-05-20 14:45:21.874466,Sadness,35.21,Disengaged,Slouched
2026-05-20 14:45:22.062489,Sadness,36.1,Disengaged,Slouched
2026-05-20 14:45:22.338561,Sadness,32.76,Disengaged,Slouched
2026-05-20 14:45:22.578617,Sadness,34.86,Disengaged,Slouched
2026-05-20 14:45:22.820680,Sadness,33.37,Disengaged,Slouched
2026-05-20 14:45:23.043735,Sadness,36.95,Disengaged,Slouched
2026-05-20 14:45:23.299801,Sadness,59.16,Disengaged,Slouched
2026-05-20 14:45:23.526857,Sadness,60.68,Disengaged,Slouched
2026-05-20 14:45:23.714906,Sadness,63.56,Disengaged,Slouched
2026-05-20 14:45:23.970971,Sadness,57.92,Disengaged,Slouched
2026-05-20 14:45:24.204026,Sadness,35.59,Disengaged,Slouched
2026-05-20 14:45:24.433089,Sadness,40.65,Disengaged,Slouched
2026-05-20 14:45:24.708158,Sadness,33.21,Disengaged,Slouched
2026-05-20 14:45:25.053242,Sadness,33.87,Disengaged,Slouched
2026-05-20 14:45:25.937464,Sadness,34.55,Disengaged,Slouched
2026-05-20 14:45:26.826683,Sadness,33.69,Disengaged,Slouched
2026-05-20 14:45:27.315808,Sadness,33.26,Disengaged,Slouched
2026-05-20 14:45:27.781924,Sadness,32.99,Disengaged,Slouched
2026-05-20 14:45:28.259042,Sadness,31.87,Disengaged,Slouched
2026-05-20 14:45:28.843188,Sadness,30.18,Disengaged,Slouched
2026-05-20 14:45:29.963463,Sadness,26.36,Disengaged,Slouched
2026-05-20 14:45:30.548611,Sadness,30.48,Disengaged,Slouched
2026-05-20 14:45:30.862688,Sadness,25.92,Disengaged,Slouched
2026-05-20 14:45:31.864946,Sadness,25.44,Disengaged,Slouched
2026-05-20 14:45:32.255044,Sadness,26.27,Disengaged,Slouched
2026-05-20 14:45:32.547117,Sadness,28.2,Disengaged,Slouched
2026-05-20 14:45:32.864201,Sadness,25.7,Disengaged,Slouched
2026-05-20 14:45:33.082250,Sadness,31.99,Disengaged,Slouched
2026-05-20 14:45:33.424337,Sadness,27.68,Disengaged,Slouched
2026-05-20 14:45:33.816435,Sadness,31.68,Disengaged,Slouched
2026-05-20 14:45:34.656649,Sadness,28.24,Disengaged,Slouched
2026-05-20 14:45:35.269803,Sadness,31.21,Disengaged,Slouched
2026-05-20 14:45:35.560876,Sadness,30.53,Disengaged,Slouched
2026-05-20 14:45:35.799937,Sadness,27.9,Disengaged,Slouched
2026-05-20 14:45:36.057999,Sadness,28.67,Disengaged,Slouched
2026-05-20 14:45:36.304061,Sadness,27.78,Disengaged,Slouched
2026-05-20 14:45:36.757176,Sadness,27.17,Disengaged,Slouched
2026-05-20 14:45:37.006242,Sadness,25.86,Disengaged,Slouched
2026-05-20 14:45:37.364916,Sadness,24.0,Disengaged,Slouched
2026-05-20 14:45:37.629982,Sadness,36.91,Disengaged,Slouched
2026-05-20 14:45:37.879045,Sadness,30.36,Disengaged,Slouched
2026-05-20 14:45:38.142112,Sadness,24.31,Disengaged,Slouched
2026-05-20 14:45:39.393423,Sadness,29.44,Disengaged,Slouched
2026-05-20 14:45:39.678496,Sadness,32.46,Disengaged,Slouched
2026-05-20 14:45:39.939563,Sadness,31.67,Disengaged,Slouched
2026-05-20 14:45:40.178618,Sadness,31.93,Disengaged,Slouched
2026-05-20 14:45:40.416683,Sadness,35.46,Disengaged,Slouched
2026-05-20 14:45:40.678747,Sadness,30.4,Disengaged,Slouched
2026-05-20 14:45:40.924809,Sadness,32.09,Disengaged,Slouched
2026-05-20 14:45:41.159869,Sadness,30.84,Disengaged,Slouched
2026-05-20 14:45:41.458943,Sadness,29.22,Disengaged,Slouched
2026-05-20 14:45:41.696002,Sadness,29.56,Disengaged,Slouched
2026-05-20 14:45:42.010083,Sadness,29.8,Disengaged,Slouched
2026-05-20 14:45:42.549217,Sadness,28.74,Disengaged,Slouched
2026-05-20 14:45:42.815284,Sadness,29.13,Disengaged,Slouched
2026-05-20 14:45:43.097355,Sadness,29.58,Disengaged,Slouched
2026-05-20 14:45:43.364426,Sadness,28.42,Disengaged,Slouched
2026-05-20 14:45:43.664505,Sadness,30.16,Disengaged,Slouched
2026-05-20 14:45:43.908563,Sadness,30.12,Disengaged,Slouched
2026-05-20 14:45:44.139620,Sadness,31.65,Disengaged,Slouched
2026-05-20 14:45:44.375676,Sadness,28.93,Disengaged,Slouched
2026-05-20 14:45:44.656745,Sadness,29.22,Disengaged,Slouched
2026-05-20 14:45:44.949817,Sadness,28.96,Disengaged,Slouched
2026-05-20 14:45:45.460033,Sadness,28.43,Disengaged,Slouched
2026-05-20 14:45:45.701004,Sadness,30.45,Disengaged,Slouched
2026-05-20 14:45:45.940067,Sadness,29.4,Disengaged,Slouched
2026-05-20 14:45:46.177124,Sadness,29.78,Disengaged,Slouched
2026-05-20 14:45:46.412187,Sadness,30.61,Disengaged,Slouched
2026-05-20 14:45:46.676251,Sadness,32.18,Disengaged,Slouched
2026-05-20 14:45:47.004335,Sadness,31.08,Disengaged,Slouched
2026-05-20 14:45:47.361424,Sadness,30.06,Disengaged,Slouched
2026-05-20 14:45:48.089603,Sadness,31.13,Disengaged,Slouched
2026-05-20 14:45:48.499710,Sadness,30.28,Disengaged,Slouched
2026-05-20 14:45:48.725762,Sadness,31.16,Disengaged,Slouched
2026-05-20 14:45:49.140869,Sadness,30.1,Disengaged,Slouched
2026-05-20 14:45:49.506956,Sadness,29.64,Disengaged,Slouched
2026-05-20 14:45:49.761027,Sadness,29.99,Disengaged,Slouched
2026-05-20 14:45:50.115116,Sadness,29.49,Disengaged,Slouched
2026-05-20 14:45:50.555220,Sadness,28.2,Disengaged,Slouched
2026-05-20 14:45:50.900307,Sadness,28.65,Disengaged,Slouched
2026-05-20 14:45:51.140367,Sadness,27.95,Disengaged,Slouched
2026-05-20 14:45:52.180633,Sadness,27.97,Disengaged,Slouched
2026-05-20 14:45:53.279906,Sadness,27.02,Disengaged,Slouched
2026-05-20 14:45:54.300159,Sadness,29.05,Disengaged,Slouched
2026-05-20 14:45:56.434691,Sadness,29.35,Disengaged,Slouched
2026-05-20 14:45:57.530966,Sadness,28.2,Disengaged,Slouched
2026-05-20 14:45:58.834289,Sadness,21.04,Disengaged,Slouched
2026-05-20 14:46:03.522461,Sadness,29.14,Disengaged,Slouched
2026-05-20 14:46:06.206140,Sadness,32.42,Disengaged,Slouched
2026-05-20 14:46:08.081601,Sadness,32.02,Disengaged,Slouched
2026-05-20 14:46:11.699511,Sadness,27.67,Disengaged,Slouched
2026-05-20 14:46:12.290660,Sadness,27.56,Disengaged,Slouched
2026-05-20 14:46:12.692762,Sadness,28.06,Disengaged,Slouched
2026-05-20 14:46:13.061856,Sadness,28.67,Disengaged,Slouched
2026-05-20 14:46:13.491966,Sadness,28.57,Disengaged,Slouched
2026-05-20 14:46:13.935070,Sadness,28.2,Disengaged,Slouched
2026-05-20 14:46:14.108115,Sadness,26.63,Disengaged,Slouched
2026-05-20 14:46:14.274156,Sadness,27.5,Disengaged,Slouched
2026-05-20 14:46:14.829300,Sadness,27.42,Disengaged,Slouched
2026-05-20 14:46:15.284412,Sadness,27.64,Disengaged,Slouched
2026-05-20 14:46:15.865562,Sadness,27.54,Disengaged,Slouched
2026-05-20 14:46:16.222224,Sadness,27.77,Disengaged,Slouched
2026-05-20 14:46:16.622314,Sadness,28.34,Disengaged,Slouched
2026-05-20 17:54:48.493182,Surprise,27.55,Disengaged,Slouched
2026-05-20 17:54:51.669034,Surprise,27.93,Disengaged,Slouched
2026-05-20 17:54:52.788318,Surprise,28.37,Disengaged,Slouched
2026-05-20 17:54:53.598526,Surprise,26.73,Disengaged,Slouched
2026-05-20 17:54:54.257692,Surprise,28.89,Disengaged,Slouched
2026-05-20 17:54:54.688802,Surprise,27.75,Disengaged,Slouched
2026-05-20 17:54:55.068898,Surprise,27.2,Disengaged,Slouched
2026-05-20 17:54:56.134211,Surprise,27.11,Disengaged,Slouched
2026-05-20 17:54:59.352619,Surprise,25.24,Disengaged,Slouched
2026-05-20 17:55:00.091810,Surprise,30.74,Disengaged,Slouched
2026-05-20 17:55:00.819993,Surprise,28.99,Disengaged,Slouched
2026-05-20 17:55:01.583700,Surprise,26.11,Disengaged,Slouched
2026-05-20 17:55:02.217440,Surprise,29.05,Disengaged,Slouched
2026-05-20 17:55:02.903612,Surprise,28.77,Disengaged,Slouched
2026-05-20 17:55:03.562779,Sadness,27.5,Disengaged,Slouched
2026-05-20 17:55:03.937875,Sadness,28.46,Disengaged,Slouched
2026-05-20 17:55:04.681589,Sadness,31.06,Disengaged,Slouched
2026-05-20 17:55:06.096946,Sadness,29.24,Disengaged,Slouched
2026-05-20 17:55:06.586069,Sadness,31.53,Disengaged,Slouched
2026-05-20 17:55:06.919155,Sadness,30.5,Disengaged,Slouched
2026-05-20 17:55:07.673865,Sadness,30.69,Disengaged,Slouched
2026-05-20 17:55:09.437313,Sadness,27.87,Disengaged,Slouched
2026-05-20 17:55:11.132792,Sadness,28.76,Disengaged,Slouched
2026-05-20 17:55:12.158135,Sadness,29.77,Disengaged,Slouched
2026-05-20 17:55:13.490473,Sadness,28.22,Disengaged,Slouched
2026-05-20 17:55:15.686610,Sadness,27.37,Disengaged,Slouched
2026-05-20 17:55:16.842950,Sadness,28.48,Disengaged,Slouched
2026-05-20 17:55:18.309372,Sadness,29.76,Disengaged,Slouched
2026-05-20 17:55:20.479160,Sadness,32.11,Disengaged,Slouched
2026-05-20 17:55:21.933581,Sadness,31.38,Disengaged,Slouched
2026-05-20 17:55:23.833583,Sadness,28.47,Disengaged,Slouched
2026-05-20 17:57:59.373058,Surprise,29.12,Disengaged,Slouched
2026-05-20 17:58:00.268357,Surprise,27.97,Disengaged,Slouched
2026-05-20 17:58:00.642450,Surprise,27.34,Disengaged,Slouched
2026-05-20 17:58:01.320619,Surprise,26.76,Disengaged,Slouched
2026-05-20 17:58:01.660748,Surprise,28.04,Disengaged,Slouched
2026-05-20 17:58:01.950868,Surprise,28.66,Disengaged,Slouched
2026-05-20 17:58:02.229939,Surprise,28.41,Disengaged,Slouched
2026-05-20 17:58:02.581116,Surprise,28.04,Disengaged,Slouched
2026-05-20 17:58:02.886194,Surprise,29.46,Disengaged,Slouched
2026-05-20 17:58:03.136255,Surprise,30.84,Disengaged,Slouched
2026-05-20 17:58:03.503417,Surprise,29.38,Disengaged,Slouched
2026-05-20 17:58:04.027555,Surprise,28.1,Disengaged,Slouched
2026-05-20 17:58:07.224971,Surprise,28.62,Disengaged,Slouched
2026-05-20 17:58:07.514041,Surprise,33.49,Disengaged,Slouched
2026-05-20 17:58:07.829124,Sadness,27.01,Disengaged,Slouched
2026-05-20 17:58:08.848964,Sadness,29.66,Disengaged,Slouched
2026-05-20 17:58:09.161615,Sadness,27.77,Disengaged,Slouched
2026-05-20 17:58:09.457216,Sadness,30.8,Disengaged,Slouched
2026-05-20 17:58:09.763333,Sadness,29.62,Disengaged,Slouched
2026-05-20 17:58:10.057409,Sadness,29.97,Disengaged,Slouched
2026-05-20 17:58:10.342001,Sadness,28.8,Disengaged,Slouched
2026-05-20 17:58:10.632076,Sadness,33.55,Disengaged,Slouched
2026-05-20 17:58:10.879141,Sadness,30.79,Disengaged,Slouched
2026-05-20 17:58:11.199239,Sadness,32.34,Disengaged,Slouched
2026-05-20 17:58:11.530323,Sadness,31.98,Disengaged,Slouched
2026-05-20 17:58:11.939942,Sadness,30.43,Disengaged,Slouched
2026-05-20 17:58:12.385056,Sadness,28.68,Disengaged,Slouched
2026-05-20 17:58:12.688659,Sadness,27.96,Disengaged,Slouched
2026-05-20 17:58:12.953725,Sadness,27.9,Disengaged,Slouched
2026-05-20 17:58:13.202789,Sadness,29.21,Disengaged,Slouched
2026-05-20 17:58:13.444853,Sadness,29.26,Disengaged,Slouched
2026-05-20 17:58:13.857954,Sadness,29.63,Disengaged,Slouched
2026-05-20 17:58:14.487678,Sadness,29.91,Disengaged,Slouched
2026-05-20 17:58:14.966798,Sadness,30.16,Disengaged,Slouched
2026-05-20 17:58:15.211893,Sadness,28.59,Disengaged,Slouched
2026-05-20 17:58:15.668048,Sadness,28.75,Disengaged,Slouched
2026-05-20 17:58:16.156174,Sadness,29.12,Disengaged,Slouched
2026-05-20 17:58:17.277983,Sadness,28.78,Disengaged,Slouched
2026-05-20 17:58:17.551592,Sadness,29.12,Disengaged,Slouched
2026-05-20 17:58:17.801656,Sadness,28.31,Disengaged,Slouched
2026-05-20 17:58:18.078725,Sadness,29.42,Disengaged,Slouched
2026-05-20 17:58:18.325789,Sadness,27.99,Disengaged,Slouched
2026-05-20 17:58:18.601858,Sadness,28.52,Disengaged,Slouched
2026-05-20 17:58:18.860927,Sadness,28.19,Disengaged,Slouched
2026-05-20 17:58:19.115991,Sadness,30.05,Disengaged,Slouched
2026-05-20 17:58:19.430121,Sadness,29.98,Disengaged,Slouched
2026-05-20 17:58:19.687187,Surprise,27.36,Disengaged,Slouched
2026-05-20 17:58:19.946782,Surprise,27.47,Disengaged,Slouched
2026-05-20 17:58:20.172838,Surprise,27.69,Disengaged,Slouched
2026-05-20 17:58:20.438907,Surprise,27.43,Disengaged,Slouched
2026-05-20 17:58:20.697972,Sadness,29.45,Disengaged,Slouched
2026-05-20 17:58:20.978042,Sadness,27.72,Disengaged,Slouched
2026-05-20 17:58:21.257115,Sadness,27.1,Disengaged,Slouched
2026-05-20 17:58:21.541189,Sadness,28.87,Disengaged,Slouched
2026-05-20 17:58:21.828371,Sadness,33.3,Disengaged,Slouched
2026-05-20 17:58:22.098438,Sadness,31.12,Disengaged,Slouched
2026-05-20 17:58:22.352026,Sadness,35.05,Disengaged,Slouched
2026-05-20 17:58:24.050458,Sadness,37.93,Disengaged,Slouched
2026-05-20 17:58:24.376064,Sadness,28.04,Disengaged,Slouched
2026-05-20 17:58:24.653180,Sadness,33.78,Disengaged,Slouched
2026-05-20 17:58:24.915772,Sadness,36.24,Disengaged,Slouched
2026-05-20 17:58:25.177839,Sadness,35.93,Disengaged,Slouched
2026-05-20 17:58:25.434903,Sadness,34.39,Disengaged,Slouched
2026-05-20 17:58:25.829002,Sadness,39.07,Disengaged,Slouched
2026-05-20 17:58:26.312128,Sadness,35.41,Disengaged,Slouched
2026-05-20 17:58:26.808253,Sadness,36.36,Disengaged,Slouched
2026-05-20 17:58:27.140337,Sadness,37.22,Disengaged,Slouched
2026-05-20 17:58:27.449414,Sadness,35.11,Disengaged,Slouched
2026-05-20 17:58:27.694544,Sadness,32.72,Disengaged,Slouched
2026-05-20 17:58:31.310347,Sadness,29.12,Disengaged,Slouched
2026-05-20 17:58:32.025528,Sadness,28.33,Disengaged,Slouched
2026-05-20 17:58:32.499649,Sadness,28.04,Disengaged,Slouched
2026-05-20 17:58:32.994777,Sadness,27.62,Disengaged,Slouched
2026-05-20 17:58:33.654943,Sadness,26.85,Disengaged,Slouched
2026-05-20 17:58:35.308358,Sadness,27.31,Disengaged,Slouched
2026-05-20 17:58:35.813488,Sadness,27.07,Disengaged,Slouched
2026-05-20 17:58:36.166578,Sadness,26.91,Disengaged,Slouched
2026-05-20 17:58:36.466654,Sadness,26.99,Disengaged,Slouched
2026-05-20 17:58:36.922769,Surprise,28.28,Disengaged,Slouched
2026-05-20 17:58:37.383885,Surprise,31.21,Disengaged,Slouched
2026-05-20 17:58:37.854006,Surprise,36.82,Disengaged,Slouched
2026-05-20 17:58:38.439154,Surprise,37.34,Disengaged,Slouched
2026-05-20 17:58:38.736230,Surprise,35.4,Disengaged,Slouched
2026-05-20 17:58:39.682410,Surprise,30.18,Disengaged,Slouched
2026-05-20 17:58:40.180534,Sadness,29.31,Disengaged,Slouched
2026-05-20 17:58:40.506617,Sadness,28.26,Disengaged,Slouched
2026-05-20 17:58:40.785691,Sadness,29.59,Disengaged,Slouched
2026-05-20 17:58:41.051757,Sadness,30.92,Disengaged,Slouched
2026-05-20 17:58:41.523875,Sadness,28.49,Disengaged,Slouched
2026-05-20 17:58:41.855962,Sadness,28.65,Disengaged,Slouched
2026-05-20 17:58:42.170087,Sadness,28.4,Disengaged,Slouched
2026-05-20 17:58:42.752753,Sadness,29.17,Disengaged,Slouched
2026-05-20 17:58:43.380510,Sadness,29.51,Disengaged,Slouched
2026-05-20 17:58:43.657579,Sadness,30.14,Disengaged,Slouched
2026-05-20 17:58:44.023733,Sadness,30.17,Disengaged,Slouched
2026-05-20 17:58:44.599878,Sadness,29.56,Disengaged,Slouched
2026-05-20 17:58:45.857198,Sadness,28.61,Disengaged,Slouched
2026-05-20 17:58:46.499869,Sadness,28.04,Disengaged,Slouched
2026-05-20 17:58:47.123066,Sadness,30.7,Disengaged,Slouched
2026-05-20 17:58:47.760227,Sadness,30.73,Disengaged,Slouched
2026-05-20 17:58:48.371382,Sadness,32.29,Disengaged,Slouched
2026-05-20 17:58:49.771252,Sadness,32.14,Disengaged,Slouched
2026-05-20 17:58:51.153758,Sadness,30.32,Disengaged,Slouched
2026-05-20 17:58:52.639772,Sadness,30.45,Disengaged,Slouched
2026-05-20 17:58:53.581532,Sadness,30.51,Disengaged,Slouched
2026-05-20 17:58:53.874643,Sadness,29.61,Disengaged,Slouched
2026-05-20 17:58:54.189721,Sadness,29.73,Disengaged,Slouched
2026-05-20 17:58:54.437786,Sadness,30.11,Disengaged,Slouched
2026-05-20 17:58:54.838884,Sadness,29.63,Disengaged,Slouched
2026-05-20 17:58:55.276994,Sadness,29.4,Disengaged,Slouched
2026-05-20 17:58:55.598078,Sadness,28.33,Disengaged,Slouched
2026-05-20 17:58:55.863147,Sadness,30.06,Disengaged,Slouched
2026-05-20 17:58:56.350271,Sadness,32.75,Disengaged,Slouched
2026-05-20 17:58:56.767905,Sadness,32.15,Disengaged,Slouched
2026-05-20 17:58:57.199005,Sadness,30.12,Disengaged,Slouched
2026-05-20 17:58:57.636165,Sadness,31.75,Disengaged,Slouched
2026-05-20 17:58:58.043268,Sadness,32.04,Disengaged,Slouched
2026-05-20 17:58:58.800464,Sadness,29.23,Disengaged,Slouched
2026-05-20 17:59:00.893509,Sadness,30.34,Disengaged,Slouched
2026-05-20 17:59:01.151630,Sadness,31.71,Disengaged,Slouched
2026-05-20 17:59:01.393689,Sadness,30.2,Disengaged,Slouched
2026-05-20 17:59:01.704772,Sadness,29.52,Disengaged,Slouched
2026-05-20 17:59:02.169886,Sadness,29.44,Disengaged,Slouched
2026-05-20 17:59:02.887070,Sadness,29.41,Disengaged,Slouched
2026-05-20 17:59:03.528333,Sadness,29.87,Disengaged,Slouched
2026-05-20 17:59:04.279194,Sadness,31.43,Disengaged,Slouched
2026-05-20 17:59:04.914353,Sadness,31.51,Disengaged,Slouched
2026-05-20 17:59:05.465491,Sadness,32.39,Disengaged,Slouched
2026-05-20 17:59:05.893119,Sadness,28.41,Disengaged,Slouched
2026-05-20 17:59:06.336229,Sadness,28.61,Disengaged,Slouched
2026-05-20 17:59:06.873884,Sadness,30.87,Disengaged,Slouched
2026-05-20 17:59:07.418021,Sadness,28.96,Disengaged,Slouched
2026-05-20 17:59:08.016176,Sadness,30.01,Disengaged,Slouched
2026-05-20 17:59:08.504346,Sadness,28.55,Disengaged,Slouched
2026-05-20 17:59:09.076490,Sadness,28.79,Disengaged,Slouched
2026-05-20 17:59:09.455584,Sadness,30.43,Disengaged,Slouched
2026-05-20 17:59:09.887694,Sadness,29.62,Disengaged,Slouched
2026-05-20 17:59:10.893467,Sadness,28.63,Disengaged,Slouched
2026-05-20 17:59:11.708185,Sadness,27.9,Disengaged,Slouched
2026-05-20 17:59:12.290453,Sadness,30.04,Disengaged,Slouched
2026-05-20 17:59:12.772698,Sadness,28.33,Disengaged,Slouched
2026-05-20 17:59:13.952983,Sadness,28.7,Disengaged,Slouched
2026-05-20 17:59:18.537796,Sadness,28.27,Disengaged,Slouched
2026-05-20 17:59:21.387513,Sadness,29.94,Disengaged,Slouched
2026-05-20 17:59:23.038967,Sadness,28.4,Disengaged,Slouched
2026-05-20 17:59:25.009466,Sadness,31.16,Disengaged,Slouched
2026-05-20 17:59:26.286793,Sadness,27.29,Disengaged,Slouched
2026-05-20 17:59:31.586983,Sadness,28.85,Disengaged,Slouched
2026-05-20 17:59:34.070841,Sadness,29.59,Disengaged,Slouched
2026-05-20 17:59:36.297969,Sadness,28.29,Disengaged,Slouched
2026-05-20 17:59:37.607346,Sadness,28.31,Disengaged,Slouched
2026-05-20 17:59:41.512946,Sadness,29.54,Disengaged,Slouched
2026-05-20 17:59:43.922196,Surprise,28.68,Disengaged,Slouched
2026-05-20 17:59:44.737402,Surprise,28.6,Disengaged,Slouched
2026-05-20 17:59:45.337698,Surprise,28.74,Disengaged,Slouched
2026-05-20 17:59:45.782862,Surprise,28.64,Disengaged,Slouched
2026-05-20 17:59:46.218970,Surprise,29.65,Disengaged,Slouched
2026-05-20 17:59:46.477034,Surprise,28.68,Disengaged,Slouched
2026-05-20 17:59:46.856131,Surprise,29.59,Disengaged,Slouched
2026-05-20 17:59:47.107195,Surprise,28.36,Disengaged,Slouched
2026-05-20 17:59:47.350862,Surprise,28.35,Disengaged,Slouched
2026-05-20 17:59:47.598924,Surprise,28.98,Disengaged,Slouched
2026-05-20 17:59:47.914006,Surprise,28.53,Disengaged,Slouched
2026-05-20 17:59:48.154068,Surprise,29.0,Disengaged,Slouched
2026-05-20 17:59:48.394130,Surprise,29.1,Disengaged,Slouched
2026-05-20 17:59:48.633187,Surprise,28.33,Disengaged,Slouched
2026-05-20 17:59:48.924263,Surprise,30.29,Disengaged,Slouched
2026-05-20 17:59:56.931076,Surprise,30.14,Disengaged,Slouched
2026-05-20 18:00:00.136527,Surprise,28.75,Disengaged,Slouched
2026-05-20 18:00:01.798530,Surprise,30.27,Disengaged,Slouched
2026-05-20 18:00:02.126617,Surprise,25.77,Disengaged,Slouched
2026-05-20 18:00:02.781778,Surprise,27.5,Disengaged,Slouched
2026-05-20 18:00:03.674077,Surprise,27.35,Disengaged,Slouched
2026-05-20 18:00:04.404265,Sadness,30.29,Disengaged,Slouched
2026-05-20 18:00:04.981482,Sadness,28.71,Disengaged,Slouched
2026-05-20 18:00:05.310655,Sadness,29.39,Disengaged,Slouched
2026-05-23 13:33:28.380058,Sadness,29.08,Disengaged,Slouched
2026-05-23 13:33:29.255800,Sadness,28.71,Disengaged,Slouched
2026-05-23 13:33:29.674112,Sadness,29.4,Disengaged,Slouched
2026-05-23 13:33:30.108223,Sadness,28.36,Disengaged,Slouched
2026-05-23 13:33:30.427304,Sadness,28.12,Disengaged,Slouched
2026-05-23 13:33:30.765392,Sadness,30.27,Disengaged,Slouched
2026-05-23 13:33:31.243094,Sadness,31.03,Disengaged,Slouched
2026-05-23 13:33:31.607182,Sadness,29.8,Disengaged,Slouched
2026-05-23 13:33:32.059296,Sadness,29.12,Disengaged,Slouched
2026-05-23 13:33:32.509415,Sadness,29.92,Disengaged,Slouched
2026-05-23 13:33:33.235229,Sadness,29.67,Disengaged,Slouched
2026-05-23 13:33:33.719349,Sadness,29.54,Disengaged,Slouched
2026-05-23 13:33:34.053435,Sadness,29.67,Disengaged,Slouched
2026-05-23 13:33:34.416570,Sadness,29.57,Disengaged,Slouched
2026-05-23 13:33:34.675635,Sadness,29.55,Disengaged,Slouched
2026-05-23 13:33:34.951708,Sadness,30.26,Disengaged,Slouched
2026-05-23 13:33:35.199770,Sadness,29.97,Disengaged,Slouched
2026-05-23 13:33:35.489849,Sadness,30.07,Disengaged,Slouched
2026-05-23 13:33:35.726903,Sadness,28.49,Disengaged,Slouched
2026-05-23 13:33:36.002973,Sadness,29.55,Disengaged,Slouched
2026-05-23 13:33:36.309054,Sadness,29.33,Disengaged,Slouched
2026-05-23 13:33:36.564113,Sadness,30.09,Disengaged,Slouched
2026-05-23 13:33:36.802179,Sadness,28.83,Disengaged,Slouched
2026-05-23 13:33:37.058239,Sadness,28.48,Disengaged,Slouched
2026-05-23 13:33:37.301304,Sadness,28.55,Disengaged,Slouched
2026-05-23 13:33:37.615381,Sadness,28.25,Disengaged,Slouched
2026-05-23 13:33:37.993476,Sadness,28.06,Disengaged,Slouched
2026-05-23 13:33:38.307557,Sadness,28.01,Disengaged,Slouched
2026-05-23 13:33:38.593630,Sadness,28.26,Disengaged,Slouched
2026-05-23 13:33:38.866700,Sadness,29.12,Disengaged,Slouched
2026-05-23 13:33:39.232896,Sadness,27.99,Disengaged,Slouched
2026-05-23 13:33:39.778386,Sadness,28.43,Disengaged,Slouched
2026-05-23 13:33:47.961989,Sadness,28.34,Disengaged,Slouched
2026-05-23 13:35:02.074684,Sadness,29.01,Disengaged,Slouched
2026-05-23 13:35:02.278736,Sadness,27.51,Disengaged,Slouched
2026-05-23 13:35:02.490789,Sadness,29.08,Disengaged,Slouched
2026-05-23 13:35:02.654832,Sadness,28.83,Disengaged,Slouched
2026-05-23 13:35:02.802869,Sadness,28.8,Disengaged,Slouched
2026-05-23 13:35:12.990140,Sadness,27.93,Disengaged,Slouched
2026-05-23 13:35:13.297219,Sadness,28.57,Disengaged,Slouched
2026-05-23 13:39:41.276637,Surprise,28.68,Disengaged,Slouched
2026-05-23 13:39:51.398391,Surprise,27.36,Disengaged,Slouched
2026-05-23 13:39:59.367477,Surprise,27.8,Disengaged,Slouched
2026-05-23 13:39:59.868604,Surprise,33.12,Disengaged,Slouched
2026-05-23 13:40:00.473757,Surprise,31.11,Disengaged,Slouched
2026-05-23 13:40:01.068908,Surprise,32.89,Disengaged,Slouched
2026-05-23 13:40:01.546031,Sadness,32.16,Disengaged,Slouched
2026-05-23 13:40:01.803093,Sadness,35.87,Disengaged,Slouched
2026-05-23 13:40:02.110170,Sadness,36.88,Disengaged,Slouched
2026-05-23 13:40:02.418248,Sadness,34.7,Disengaged,Slouched
2026-05-23 13:40:02.776342,Sadness,32.9,Disengaged,Slouched
2026-05-23 13:40:03.060412,Sadness,33.34,Disengaged,Slouched
2026-05-23 13:40:03.411500,Sadness,30.88,Disengaged,Slouched
2026-05-23 13:40:03.739585,Sadness,27.67,Disengaged,Slouched
2026-05-23 13:40:04.045339,Sadness,24.87,Disengaged,Slouched
2026-05-23 13:40:04.304407,Sadness,25.43,Disengaged,Slouched
2026-05-23 13:40:04.983576,Sadness,25.84,Disengaged,Slouched
2026-05-23 13:40:05.254643,Sadness,27.68,Disengaged,Slouched
2026-05-23 13:40:05.547247,Sadness,26.67,Disengaged,Slouched
2026-05-23 13:40:05.863328,Sadness,26.44,Disengaged,Slouched
2026-05-23 13:40:06.125394,Sadness,27.13,Disengaged,Slouched
2026-05-23 13:40:06.575032,Sadness,27.28,Disengaged,Slouched
2026-05-23 13:40:06.873106,Sadness,26.28,Disengaged,Slouched
2026-05-23 13:40:07.511272,Sadness,28.09,Disengaged,Slouched
2026-05-23 13:40:07.795343,Sadness,26.49,Disengaged,Slouched
2026-05-23 13:40:08.171433,Surprise,26.79,Disengaged,Slouched
2026-05-23 13:40:08.524524,Surprise,26.95,Disengaged,Slouched
2026-05-23 13:40:09.779355,Surprise,28.43,Disengaged,Slouched
2026-05-23 13:40:10.756602,Surprise,27.71,Disengaged,Slouched
2026-05-23 13:40:11.429766,Surprise,27.36,Disengaged,Slouched
2026-05-23 13:40:12.019916,Surprise,27.45,Disengaged,Slouched
2026-05-23 13:40:13.458281,Surprise,26.93,Disengaged,Slouched
2026-05-23 13:40:15.400771,Surprise,25.53,Disengaged,Slouched
2026-05-23 13:42:30.475393,Sadness,33.97,Disengaged,Slouched
2026-05-23 13:42:31.730713,Sadness,26.62,Disengaged,Slouched
2026-05-23 13:42:32.873000,Sadness,27.22,Disengaged,Slouched
2026-05-23 13:42:34.584563,Sadness,29.13,Disengaged,Slouched
2026-05-23 13:42:39.093327,Sadness,26.47,Disengaged,Slouched
2026-05-23 13:42:57.161035,Sadness,35.52,Disengaged,Slouched
2026-05-23 13:42:59.916734,Sadness,28.67,Disengaged,Slouched
2026-05-23 13:43:04.978324,Sadness,32.14,Disengaged,Slouched
2026-05-23 13:48:50.299240,Surprise,28.3,Disengaged,Slouched
2026-05-23 13:48:50.507292,Surprise,29.52,Disengaged,Slouched
2026-05-23 13:48:50.706342,Surprise,29.4,Disengaged,Slouched
2026-05-23 13:48:50.922913,Surprise,29.12,Disengaged,Slouched
2026-05-23 13:48:51.181979,Sadness,28.91,Disengaged,Slouched
2026-05-23 13:48:51.392034,Sadness,29.3,Disengaged,Slouched
2026-05-23 13:48:51.609087,Sadness,28.21,Disengaged,Slouched
2026-05-23 13:48:51.844147,Sadness,29.64,Disengaged,Slouched
2026-05-23 13:48:52.078210,Sadness,29.06,Disengaged,Slouched
2026-05-23 13:48:52.310268,Sadness,28.52,Disengaged,Slouched
2026-05-23 13:48:52.559331,Sadness,29.12,Disengaged,Slouched
2026-05-23 13:48:52.824395,Sadness,28.31,Disengaged,Slouched
2026-05-23 13:48:53.090464,Sadness,29.91,Disengaged,Slouched
2026-05-23 13:48:53.336529,Sadness,28.62,Disengaged,Slouched
2026-05-23 13:48:53.561582,Sadness,29.53,Disengaged,Slouched
2026-05-23 13:48:53.782637,Sadness,29.38,Disengaged,Slouched
2026-05-23 13:48:54.173739,Sadness,30.14,Disengaged,Slouched
2026-05-23 13:48:54.449809,Sadness,29.44,Disengaged,Slouched
2026-05-23 13:48:54.704871,Sadness,29.25,Disengaged,Slouched
2026-05-23 13:48:55.016953,Sadness,31.36,Disengaged,Slouched
2026-05-23 13:48:55.356038,Sadness,28.35,Disengaged,Slouched
2026-05-23 13:48:55.918783,Sadness,28.65,Disengaged,Slouched
2026-05-23 13:48:56.304974,Sadness,28.99,Disengaged,Slouched
2026-05-23 13:48:59.633818,Sadness,28.42,Disengaged,Slouched
2026-05-23 13:49:01.619322,Sadness,28.56,Disengaged,Slouched
2026-05-23 13:49:02.377512,Sadness,28.93,Disengaged,Slouched
2026-05-23 13:49:03.598819,Sadness,28.66,Disengaged,Slouched
2026-05-23 13:49:04.399025,Surprise,29.19,Disengaged,Slouched
2026-05-23 13:49:05.085196,Surprise,28.8,Disengaged,Slouched
2026-05-23 13:49:05.438287,Surprise,28.83,Disengaged,Slouched
2026-05-23 13:49:05.950419,Surprise,28.61,Disengaged,Slouched
2026-05-23 13:49:06.648595,Surprise,28.91,Disengaged,Slouched
2026-05-23 13:49:07.690859,Surprise,29.18,Disengaged,Slouched
2026-05-23 13:49:08.389034,Surprise,29.17,Disengaged,Slouched
2026-05-23 13:49:08.855153,Surprise,28.51,Disengaged,Slouched
2026-05-23 13:49:09.223246,Surprise,28.72,Disengaged,Slouched
2026-05-23 13:49:09.489316,Surprise,28.86,Disengaged,Slouched
2026-05-23 13:49:09.762387,Surprise,29.13,Disengaged,Slouched
2026-05-23 13:49:09.990442,Surprise,29.29,Disengaged,Slouched
2026-05-23 13:49:10.335530,Surprise,29.08,Disengaged,Slouched
2026-05-23 13:49:10.848660,Surprise,29.12,Disengaged,Slouched
2026-05-23 13:49:11.450816,Surprise,29.32,Disengaged,Slouched
2026-05-23 13:49:12.414059,Surprise,28.68,Disengaged,Slouched
2026-05-23 13:49:13.064223,Surprise,28.65,Disengaged,Slouched
2026-05-23 13:49:13.451324,Surprise,29.0,Disengaged,Slouched
2026-05-23 13:49:13.806412,Surprise,28.43,Disengaged,Slouched
2026-05-23 13:49:14.098484,Surprise,28.69,Disengaged,Slouched
2026-05-23 13:49:14.373559,Surprise,28.31,Disengaged,Slouched
2026-05-23 13:49:14.627622,Surprise,28.02,Disengaged,Slouched
2026-05-23 13:49:14.889686,Surprise,29.45,Disengaged,Slouched
2026-05-23 13:49:15.192762,Surprise,29.69,Disengaged,Slouched
2026-05-23 13:49:15.563857,Surprise,29.51,Disengaged,Slouched
2026-05-23 13:49:16.050982,Surprise,29.2,Disengaged,Slouched
2026-05-23 13:49:16.425075,Surprise,28.93,Disengaged,Slouched
2026-05-23 13:49:16.748157,Surprise,29.07,Disengaged,Slouched
2026-05-23 13:49:16.988218,Surprise,29.29,Disengaged,Slouched
2026-05-23 13:49:17.322301,Surprise,29.2,Disengaged,Slouched
2026-05-23 13:49:17.919453,Surprise,28.9,Disengaged,Slouched
2026-05-23 13:49:18.715656,Surprise,28.65,Disengaged,Slouched
2026-05-23 13:49:19.486853,Surprise,29.06,Disengaged,Slouched
2026-05-23 13:49:20.763177,Surprise,29.79,Disengaged,Slouched
2026-05-23 13:49:21.125268,Surprise,29.5,Disengaged,Slouched
2026-05-23 13:49:21.537372,Surprise,29.61,Disengaged,Slouched
2026-05-23 13:49:22.537624,Surprise,29.37,Disengaged,Slouched
2026-05-23 13:49:23.147779,Surprise,29.63,Disengaged,Slouched
2026-05-23 13:49:23.396841,Surprise,28.68,Disengaged,Slouched
2026-05-23 13:49:23.679914,Surprise,28.88,Disengaged,Slouched
2026-05-23 13:49:23.966986,Surprise,28.68,Disengaged,Slouched
2026-05-23 13:49:24.249058,Surprise,28.94,Disengaged,Slouched
2026-05-23 13:49:24.589143,Surprise,29.22,Disengaged,Slouched
2026-05-23 13:49:24.846209,Surprise,29.06,Disengaged,Slouched
2026-05-23 13:49:25.149285,Surprise,29.46,Disengaged,Slouched
2026-05-23 13:49:25.461368,Surprise,28.73,Disengaged,Slouched
2026-05-23 13:49:26.011507,Surprise,28.67,Disengaged,Slouched
2026-05-23 13:49:26.604654,Surprise,28.94,Disengaged,Slouched
2026-05-23 13:49:27.363871,Surprise,29.13,Disengaged,Slouched
2026-05-23 13:49:27.954999,Surprise,28.75,Disengaged,Slouched
2026-05-23 13:49:28.255073,Surprise,28.81,Disengaged,Slouched
2026-05-23 13:49:28.523142,Surprise,28.38,Disengaged,Slouched
2026-05-23 13:49:28.804212,Surprise,28.89,Disengaged,Slouched
2026-05-23 13:49:29.086284,Surprise,28.84,Disengaged,Slouched
2026-05-23 13:49:29.416365,Surprise,28.85,Disengaged,Slouched
2026-05-23 13:49:29.661428,Surprise,28.25,Disengaged,Slouched
2026-05-23 13:49:29.987510,Surprise,29.0,Disengaged,Slouched
2026-05-23 13:49:30.499642,Surprise,28.68,Disengaged,Slouched
2026-05-23 13:49:30.914744,Surprise,29.2,Disengaged,Slouched
2026-05-23 13:49:31.255833,Surprise,29.26,Disengaged,Slouched
2026-05-23 13:49:31.501893,Surprise,28.35,Disengaged,Slouched
2026-05-23 13:49:31.743959,Surprise,29.24,Disengaged,Slouched
2026-05-23 13:49:32.028033,Surprise,28.29,Disengaged,Slouched
2026-05-23 13:49:32.307099,Surprise,29.01,Disengaged,Slouched
2026-05-23 13:49:32.640183,Surprise,28.79,Disengaged,Slouched
2026-05-23 13:49:33.061291,Surprise,28.41,Disengaged,Slouched
2026-05-23 13:49:33.665442,Surprise,29.44,Disengaged,Slouched
2026-05-23 13:49:34.349616,Surprise,29.13,Disengaged,Slouched
2026-05-23 13:49:35.307860,Surprise,29.0,Disengaged,Slouched
2026-05-23 13:49:36.208087,Surprise,29.44,Disengaged,Slouched
2026-05-23 13:49:36.836247,Surprise,29.08,Disengaged,Slouched
2026-05-23 13:49:37.256104,Surprise,29.64,Disengaged,Slouched
2026-05-23 13:49:38.316195,Surprise,29.17,Disengaged,Slouched
2026-05-23 13:49:41.036521,Surprise,30.03,Disengaged,Slouched
2026-05-23 13:49:42.599915,Surprise,29.23,Disengaged,Slouched
2026-05-23 13:49:42.803967,Surprise,28.99,Disengaged,Slouched
2026-05-23 13:49:43.383112,Surprise,29.18,Disengaged,Slouched
2026-05-23 13:49:44.669440,Surprise,29.33,Disengaged,Slouched
2026-05-23 13:49:46.673945,Surprise,28.83,Disengaged,Slouched
2026-05-23 13:49:48.618961,Surprise,28.7,Disengaged,Slouched
2026-05-23 13:50:01.084737,Surprise,29.13,Disengaged,Slouched
2026-05-23 13:50:51.533214,Surprise,27.62,Disengaged,Slouched
2026-05-23 13:50:52.302412,Surprise,27.33,Disengaged,Slouched
2026-05-23 13:50:52.682507,Surprise,27.7,Disengaged,Slouched
2026-05-23 13:50:53.302666,Surprise,27.97,Disengaged,Slouched
2026-05-23 13:50:53.571731,Surprise,30.3,Disengaged,Slouched
2026-05-23 13:50:53.871809,Surprise,29.4,Disengaged,Slouched
2026-05-23 13:50:54.285919,Surprise,29.41,Disengaged,Slouched
2026-05-23 13:50:54.698020,Surprise,29.53,Disengaged,Slouched
2026-05-23 13:50:55.025100,Surprise,29.56,Disengaged,Slouched
2026-05-23 13:50:55.283168,Surprise,31.72,Disengaged,Slouched
2026-05-23 13:50:55.573242,Surprise,28.99,Disengaged,Slouched
2026-05-23 13:50:55.969341,Sadness,30.1,Disengaged,Slouched
2026-05-23 13:50:56.225408,Sadness,29.13,Disengaged,Slouched
2026-05-23 13:50:56.502515,Sadness,29.52,Disengaged,Slouched
2026-05-23 13:50:56.680557,Sadness,28.43,Disengaged,Slouched
2026-05-23 13:50:56.906614,Sadness,28.6,Disengaged,Slouched
2026-05-23 13:50:57.127671,Sadness,28.25,Disengaged,Slouched
2026-05-23 13:50:57.375735,Sadness,28.02,Disengaged,Slouched
2026-05-23 13:50:57.638800,Sadness,29.39,Disengaged,Slouched
2026-05-23 13:50:59.282220,Sadness,27.05,Disengaged,Slouched
2026-05-23 13:51:01.655818,Sadness,29.11,Disengaged,Slouched
2026-05-23 13:51:01.930885,Sadness,28.03,Disengaged,Slouched
2026-05-23 13:51:10.404238,Sadness,27.71,Disengaged,Slouched
2026-05-23 13:51:13.758313,Sadness,30.84,Disengaged,Slouched
2026-05-23 13:51:14.621520,Sadness,31.26,Disengaged,Slouched
2026-05-23 13:51:14.834574,Sadness,29.59,Disengaged,Slouched
2026-05-23 13:51:15.258682,Surprise,27.06,Disengaged,Slouched
2026-05-23 13:51:15.699794,Surprise,27.9,Disengaged,Slouched
2026-05-23 13:51:16.034880,Surprise,28.5,Disengaged,Slouched
2026-05-23 13:51:16.884094,Surprise,28.98,Disengaged,Slouched
2026-05-23 13:51:17.542258,Surprise,29.22,Disengaged,Slouched
2026-05-23 13:51:17.756314,Surprise,29.11,Disengaged,Slouched
2026-05-23 13:51:18.024381,Surprise,29.71,Disengaged,Slouched
2026-05-23 13:51:18.418483,Surprise,27.06,Disengaged,Slouched
2026-05-23 13:51:18.755567,Surprise,26.82,Disengaged,Slouched
2026-05-23 13:51:18.956618,Surprise,27.27,Disengaged,Slouched
2026-05-23 13:51:19.158671,Surprise,28.23,Disengaged,Slouched
2026-05-23 13:51:19.402731,Surprise,26.64,Disengaged,Slouched
2026-05-23 13:51:19.614786,Surprise,28.81,Disengaged,Slouched
2026-05-23 13:51:19.837843,Surprise,28.15,Disengaged,Slouched
2026-05-23 13:51:20.267951,Surprise,28.33,Disengaged,Slouched
2026-05-23 13:51:20.568026,Surprise,27.84,Disengaged,Slouched
2026-05-23 13:51:20.786084,Surprise,26.43,Disengaged,Slouched
2026-05-23 13:51:21.002137,Surprise,27.49,Disengaged,Slouched
2026-05-23 13:51:21.236198,Surprise,27.54,Disengaged,Slouched
2026-05-23 13:51:21.837348,Surprise,29.0,Disengaged,Slouched
2026-05-23 13:51:22.084940,Surprise,28.64,Disengaged,Slouched
2026-05-23 13:51:23.164213,Surprise,26.87,Disengaged,Slouched
2026-05-23 13:51:23.736360,Surprise,28.37,Disengaged,Slouched
2026-05-23 13:51:23.964416,Surprise,25.7,Disengaged,Slouched
2026-05-23 13:51:24.830635,Surprise,25.87,Disengaged,Slouched
2026-05-23 13:51:25.118708,Surprise,33.0,Disengaged,Slouched
2026-05-23 13:51:26.861149,Surprise,27.24,Disengaged,Slouched
2026-05-23 13:51:27.065202,Surprise,25.5,Disengaged,Slouched
2026-05-23 13:51:27.369279,Surprise,25.24,Disengaged,Slouched
2026-05-23 13:51:28.015440,Surprise,28.72,Disengaged,Slouched
2026-05-23 13:51:28.449547,Surprise,28.44,Disengaged,Slouched
2026-05-23 13:51:28.769628,Surprise,27.23,Disengaged,Slouched
2026-05-23 13:51:32.618598,Surprise,28.27,Disengaged,Slouched
2026-05-23 13:51:42.289616,Surprise,26.06,Disengaged,Slouched
2026-05-23 13:51:42.908951,Surprise,28.89,Disengaged,Slouched
2026-05-23 13:51:43.526106,Surprise,25.78,Disengaged,Slouched
2026-05-23 13:51:43.782170,Surprise,26.0,Disengaged,Slouched
2026-05-23 13:51:44.000230,Surprise,24.95,Disengaged,Slouched
2026-05-23 13:51:44.238286,Surprise,26.14,Disengaged,Slouched
2026-05-23 13:51:44.447341,Surprise,26.34,Disengaged,Slouched
2026-05-23 13:51:44.665394,Surprise,26.38,Disengaged,Slouched
2026-05-23 13:51:44.880452,Surprise,26.73,Disengaged,Slouched
2026-05-23 13:51:45.082499,Surprise,26.59,Disengaged,Slouched
2026-05-23 13:51:45.281542,Surprise,26.34,Disengaged,Slouched
2026-05-23 13:51:45.494597,Surprise,26.83,Disengaged,Slouched
2026-05-23 13:51:45.729192,Surprise,26.71,Disengaged,Slouched
2026-05-23 13:51:45.975257,Surprise,26.35,Disengaged,Slouched
2026-05-23 13:51:46.253327,Surprise,26.68,Disengaged,Slouched
2026-05-23 13:51:46.567408,Surprise,26.77,Disengaged,Slouched
2026-05-23 13:51:46.839475,Surprise,26.86,Disengaged,Slouched
2026-05-23 13:51:47.101540,Surprise,28.06,Disengaged,Slouched
2026-05-23 13:51:47.330598,Surprise,27.95,Disengaged,Slouched
2026-05-23 13:51:47.685689,Surprise,27.81,Disengaged,Slouched
2026-05-23 13:51:48.093793,Surprise,28.2,Disengaged,Slouched
2026-05-23 13:51:48.805973,Surprise,27.47,Disengaged,Slouched
2026-05-23 13:51:49.894246,Surprise,28.02,Disengaged,Slouched
2026-05-23 13:51:51.267675,Surprise,27.08,Disengaged,Slouched
2026-05-23 13:51:51.911361,Surprise,28.24,Disengaged,Slouched
2026-05-23 13:51:52.220440,Surprise,28.91,Disengaged,Slouched
2026-05-23 13:51:52.460499,Surprise,28.48,Disengaged,Slouched
2026-05-23 13:51:53.105663,Surprise,28.72,Disengaged,Slouched
2026-05-23 13:52:18.202476,Surprise,28.44,Disengaged,Slouched
2026-05-23 13:52:55.682862,Surprise,32.91,Disengaged,Slouched
2026-05-23 13:52:57.429303,Surprise,30.71,Disengaged,Slouched
2026-05-23 13:52:59.128773,Surprise,34.05,Disengaged,Slouched
2026-05-23 13:56:20.491504,Surprise,29.75,Disengaged,Slouched
2026-05-23 13:56:21.809890,Surprise,29.63,Disengaged,Slouched
2026-05-23 13:56:23.923426,Surprise,36.46,Disengaged,Slouched
2026-05-23 13:56:24.674641,Surprise,31.03,Disengaged,Slouched
2026-05-23 13:56:24.848684,Sadness,27.12,Disengaged,Slouched
2026-05-23 13:56:25.032729,Sadness,27.43,Disengaged,Slouched
2026-05-23 13:56:26.062995,Sadness,27.87,Disengaged,Slouched
2026-05-23 13:56:26.500103,Surprise,27.16,Disengaged,Slouched
2026-05-23 13:56:27.032237,Surprise,27.04,Disengaged,Slouched
2026-05-23 13:56:27.247295,Surprise,26.82,Disengaged,Slouched
2026-05-23 13:56:27.553373,Surprise,27.24,Disengaged,Slouched
2026-05-23 13:56:27.856446,Surprise,26.48,Disengaged,Slouched
2026-05-23 13:56:28.107512,Surprise,27.33,Disengaged,Slouched
2026-05-23 13:56:28.319566,Surprise,27.07,Disengaged,Slouched
2026-05-23 13:56:28.548622,Surprise,27.29,Disengaged,Slouched
2026-05-23 13:56:28.783682,Surprise,27.54,Disengaged,Slouched
2026-05-23 13:56:28.988735,Surprise,26.51,Disengaged,Slouched
2026-05-23 13:56:29.204790,Surprise,25.12,Disengaged,Slouched
2026-05-23 13:56:29.395837,Surprise,25.31,Disengaged,Slouched
2026-05-23 13:56:29.587887,Surprise,27.18,Disengaged,Slouched
2026-05-23 13:56:29.793941,Surprise,26.26,Disengaged,Slouched
2026-05-23 13:56:29.988990,Surprise,27.03,Disengaged,Slouched
2026-05-23 13:56:31.079270,Surprise,27.83,Disengaged,Slouched
2026-05-23 13:56:31.296323,Surprise,21.9,Disengaged,Slouched
2026-05-23 13:56:31.503376,Surprise,23.94,Disengaged,Slouched
2026-05-23 13:56:34.405116,Surprise,25.8,Neutral,Slouched
2026-05-23 13:56:34.620170,Surprise,34.24,Neutral,Slouched
2026-05-23 13:56:34.816214,Surprise,31.65,Neutral,Slouched
2026-05-23 13:56:35.022265,Surprise,26.65,Neutral,Slouched
2026-05-23 13:56:35.216316,Surprise,27.7,Neutral,Slouched
2026-05-23 13:56:35.404367,Surprise,27.73,Neutral,Slouched
2026-05-23 13:56:35.598413,Surprise,27.4,Neutral,Slouched
2026-05-23 13:56:35.798465,Surprise,28.44,Neutral,Slouched
2026-05-23 13:56:36.168559,Surprise,29.89,Neutral,Slouched
2026-05-23 13:56:36.707695,Sadness,27.35,Disengaged,Slouched
2026-05-23 13:56:37.089792,Sadness,29.8,Disengaged,Slouched
2026-05-23 13:56:37.283844,Sadness,32.7,Disengaged,Slouched
2026-05-23 13:56:37.477889,Surprise,21.21,Disengaged,Slouched
2026-05-23 13:56:37.869992,Sadness,30.24,Disengaged,Slouched
2026-05-23 13:56:38.075042,Sadness,26.55,Disengaged,Slouched
2026-05-23 13:56:38.263088,Sadness,26.4,Disengaged,Slouched
2026-05-23 13:56:38.451138,Surprise,25.9,Disengaged,Slouched
2026-05-23 13:56:38.713204,Surprise,26.29,Disengaged,Slouched
2026-05-23 13:56:38.949265,Surprise,26.01,Disengaged,Slouched
2026-05-23 13:56:39.215333,Surprise,25.83,Disengaged,Slouched
2026-05-23 13:56:39.462399,Surprise,26.36,Disengaged,Slouched
2026-05-23 13:56:39.717456,Surprise,26.76,Disengaged,Slouched
2026-05-23 13:56:39.920506,Surprise,24.99,Disengaged,Slouched
2026-05-23 13:56:40.144568,Surprise,26.65,Disengaged,Slouched
2026-05-23 13:56:40.364622,Surprise,26.44,Disengaged,Slouched
2026-05-23 13:56:40.562671,Surprise,26.37,Disengaged,Slouched
2026-05-23 13:56:40.774725,Surprise,26.42,Disengaged,Slouched
2026-05-23 13:56:40.992781,Surprise,25.59,Disengaged,Slouched
2026-05-23 13:56:41.208836,Surprise,25.77,Disengaged,Slouched
2026-05-23 13:56:41.445896,Surprise,29.17,Disengaged,Slouched
2026-05-23 13:56:43.248352,Surprise,32.38,Disengaged,Slouched
2026-05-23 13:56:43.464410,Surprise,33.57,Disengaged,Slouched
2026-05-23 13:56:43.674464,Surprise,34.84,Disengaged,Slouched
2026-05-23 13:56:43.906519,Surprise,34.65,Disengaged,Slouched
2026-05-23 13:56:44.214596,Sadness,32.47,Disengaged,Slouched
2026-05-23 13:56:44.432656,Sadness,30.85,Disengaged,Slouched
2026-05-23 13:56:44.780258,Sadness,30.2,Disengaged,Slouched
2026-05-23 13:56:45.076332,Sadness,25.76,Disengaged,Slouched
2026-05-23 13:56:45.534449,Sadness,27.45,Disengaged,Slouched
2026-05-23 13:56:45.749504,Sadness,28.76,Disengaged,Slouched
2026-05-23 13:56:45.978564,Sadness,28.92,Disengaged,Slouched
2026-05-23 13:56:46.203622,Sadness,27.32,Disengaged,Slouched
2026-05-23 13:56:46.402668,Sadness,27.86,Disengaged,Slouched
2026-05-23 13:56:46.631728,Sadness,25.98,Disengaged,Slouched
2026-05-23 13:56:46.843882,Sadness,29.41,Disengaged,Slouched
2026-05-23 13:56:47.039460,Sadness,25.56,Disengaged,Slouched
2026-05-23 13:56:47.230510,Sadness,30.19,Disengaged,Slouched
2026-05-23 13:56:47.652614,Sadness,25.83,Disengaged,Slouched
2026-05-23 13:56:47.863671,Sadness,25.45,Disengaged,Slouched
2026-05-23 13:56:48.154744,Sadness,25.23,Disengaged,Slouched
2026-05-23 13:56:48.399806,Sadness,25.99,Disengaged,Slouched
2026-05-23 13:56:48.654871,Surprise,26.26,Disengaged,Slouched
2026-05-23 13:56:48.907934,Surprise,26.48,Disengaged,Slouched
2026-05-23 13:56:49.147992,Surprise,26.96,Disengaged,Slouched
2026-05-23 13:56:49.355048,Surprise,27.56,Disengaged,Slouched
2026-05-23 13:56:49.581104,Surprise,27.25,Disengaged,Slouched
2026-05-23 13:56:50.299282,Surprise,26.74,Disengaged,Slouched
2026-05-23 13:56:50.510339,Surprise,26.31,Disengaged,Slouched
2026-05-23 13:56:50.738395,Surprise,26.01,Disengaged,Slouched
2026-05-23 13:56:50.991076,Surprise,26.16,Disengaged,Slouched
2026-05-23 13:56:51.249139,Surprise,26.26,Disengaged,Slouched
2026-05-23 13:56:51.542212,Surprise,26.22,Disengaged,Slouched
2026-05-23 13:56:51.809285,Surprise,26.4,Disengaged,Slouched
2026-05-23 13:56:52.106359,Surprise,26.37,Disengaged,Slouched
2026-05-23 13:56:52.340417,Surprise,25.68,Disengaged,Slouched
2026-05-23 13:56:52.546469,Surprise,23.47,Disengaged,Slouched
2026-05-23 13:56:52.739518,Surprise,26.65,Disengaged,Slouched
2026-05-23 13:56:52.949570,Surprise,32.18,Disengaged,Slouched
2026-05-23 13:56:53.167630,Surprise,28.71,Disengaged,Slouched
2026-05-23 13:56:53.366676,Surprise,22.77,Disengaged,Slouched
2026-05-23 13:56:53.562727,Surprise,25.53,Disengaged,Slouched
2026-05-23 13:56:53.753777,Surprise,24.47,Disengaged,Slouched
2026-05-23 13:56:53.979831,Surprise,26.82,Disengaged,Slouched
2026-05-23 13:56:54.196889,ContemptHappiness,23.09,Disengaged,Slouched
2026-05-23 13:56:54.415941,ContemptHappiness,28.72,Disengaged,Slouched
2026-05-23 13:56:54.700529,ContemptHappiness,27.64,Disengaged,Slouched
2026-05-23 13:56:54.944588,ContemptHappiness,26.27,Disengaged,Slouched
2026-05-23 13:56:55.273673,ContemptHappiness,24.11,Disengaged,Slouched
2026-05-23 13:56:55.489727,ContemptHappiness,25.95,Disengaged,Slouched
2026-05-23 13:56:55.683780,ContemptHappiness,25.89,Disengaged,Slouched
2026-05-23 13:56:55.884830,ContemptHappiness,26.32,Disengaged,Slouched
2026-05-23 13:56:56.248922,ContemptHappiness,26.07,Disengaged,Slouched
2026-05-23 13:56:56.436969,ContemptHappiness,26.22,Disengaged,Slouched
2026-05-23 13:56:56.640019,ContemptHappiness,25.55,Disengaged,Slouched
2026-05-23 13:56:56.924094,ContemptHappiness,25.7,Disengaged,Slouched
2026-05-23 13:56:57.166153,Surprise,26.9,Disengaged,Slouched
2026-05-23 13:56:57.408213,Surprise,26.33,Disengaged,Slouched
2026-05-23 13:56:57.663279,Surprise,25.92,Disengaged,Slouched
2026-05-23 13:56:57.891337,Surprise,25.79,Disengaged,Slouched
2026-05-23 13:56:58.128400,Surprise,25.78,Disengaged,Slouched
2026-05-23 13:56:58.327447,Surprise,25.62,Disengaged,Slouched
2026-05-23 13:56:58.607521,Surprise,24.54,Disengaged,Slouched
2026-05-23 13:56:58.992703,Surprise,25.84,Disengaged,Slouched
2026-05-23 13:56:59.421818,Surprise,24.99,Disengaged,Slouched
2026-05-23 13:56:59.678875,Surprise,26.31,Disengaged,Slouched
2026-05-23 13:57:00.004962,Surprise,25.58,Disengaged,Slouched
2026-05-23 13:57:00.433069,Surprise,23.48,Disengaged,Slouched
2026-05-23 13:57:00.650344,Surprise,20.29,Disengaged,Slouched
2026-05-23 13:57:00.851396,Surprise,30.74,Disengaged,Slouched
2026-05-23 13:57:01.235494,Surprise,30.35,Disengaged,Slouched
2026-05-23 13:57:02.512820,Surprise,33.08,Disengaged,Slouched
2026-05-23 13:57:03.258006,Surprise,30.07,Disengaged,Slouched
2026-05-23 13:57:03.656106,Sadness,28.97,Disengaged,Slouched
2026-05-23 13:57:04.038208,Sadness,32.56,Disengaged,Slouched
2026-05-23 13:57:04.238259,Sadness,30.29,Disengaged,Slouched
2026-05-23 13:57:04.445307,Sadness,27.11,Disengaged,Slouched
2026-05-23 13:57:04.649360,Sadness,26.39,Disengaged,Slouched
2026-05-23 13:57:04.874414,Sadness,26.94,Disengaged,Slouched
2026-05-23 13:57:05.087473,Sadness,27.04,Disengaged,Slouched
2026-05-23 13:57:05.281517,Sadness,25.37,Disengaged,Slouched
2026-05-23 13:57:05.488574,Sadness,26.27,Disengaged,Slouched
2026-05-23 13:57:05.688620,Sadness,26.47,Disengaged,Slouched
2026-05-23 13:57:05.902677,Sadness,26.53,Disengaged,Slouched
2026-05-23 13:57:06.106729,Surprise,25.16,Disengaged,Slouched
2026-05-23 13:57:06.305780,Surprise,25.72,Disengaged,Slouched
2026-05-23 13:57:06.515831,Surprise,25.23,Disengaged,Slouched
2026-05-23 13:57:06.697876,Surprise,26.82,Disengaged,Slouched
2026-05-23 13:57:06.899929,Surprise,26.69,Disengaged,Slouched
2026-05-23 13:57:07.096982,Surprise,26.66,Disengaged,Slouched
2026-05-23 13:57:07.289030,Surprise,26.99,Disengaged,Slouched
2026-05-23 13:57:07.478076,Surprise,26.12,Disengaged,Slouched
2026-05-23 13:57:07.695132,Surprise,26.1,Disengaged,Slouched
2026-05-23 13:57:07.898183,Surprise,25.41,Disengaged,Slouched
2026-05-23 13:57:08.105237,Surprise,26.44,Disengaged,Slouched
2026-05-23 13:57:08.327296,Surprise,26.58,Disengaged,Slouched
2026-05-23 13:57:08.524343,Surprise,25.69,Disengaged,Slouched
2026-05-23 13:57:08.808414,Surprise,26.22,Disengaged,Slouched
2026-05-23 13:57:09.053476,Surprise,26.6,Disengaged,Slouched
2026-05-23 13:57:09.360556,Surprise,25.95,Disengaged,Slouched
2026-05-23 13:57:09.823672,Surprise,26.64,Disengaged,Slouched
2026-05-23 13:57:10.049729,Surprise,26.71,Disengaged,Slouched
2026-05-23 13:57:10.339802,Surprise,25.9,Disengaged,Slouched
2026-05-23 13:57:10.538853,Surprise,26.67,Disengaged,Slouched
2026-05-23 13:57:10.733903,Surprise,25.68,Disengaged,Slouched
2026-05-23 13:57:12.077244,Surprise,29.3,Disengaged,Slouched
2026-05-23 13:57:12.277294,Surprise,24.03,Disengaged,Slouched
2026-05-23 13:57:12.472343,Surprise,25.0,Disengaged,Slouched
2026-05-23 13:57:12.670395,Surprise,25.5,Disengaged,Slouched
2026-05-23 13:57:12.882450,Surprise,25.66,Disengaged,Slouched
2026-05-23 13:57:13.130513,Surprise,26.1,Disengaged,Slouched
2026-05-23 13:57:13.424587,Surprise,26.01,Disengaged,Slouched
2026-05-23 13:57:13.697654,Surprise,26.45,Disengaged,Slouched
2026-05-23 13:57:13.927715,Surprise,26.6,Disengaged,Slouched
2026-05-23 13:57:14.177778,Surprise,26.9,Disengaged,Slouched
2026-05-23 13:57:14.380827,Surprise,26.86,Disengaged,Slouched
2026-05-23 13:57:14.593917,Surprise,27.44,Disengaged,Slouched
2026-05-23 13:57:14.782929,Surprise,27.73,Disengaged,Slouched
2026-05-23 13:57:15.263049,Surprise,28.08,Disengaged,Slouched
2026-05-23 13:57:15.661155,Surprise,27.6,Disengaged,Slouched
2026-05-23 13:57:15.851200,Surprise,27.63,Disengaged,Slouched
2026-05-23 13:57:16.051251,Surprise,27.59,Disengaged,Slouched
2026-05-23 13:57:16.248300,Surprise,27.59,Disengaged,Slouched
2026-05-23 13:57:16.435348,Surprise,27.63,Disengaged,Slouched
2026-05-23 13:57:16.641405,Surprise,27.09,Disengaged,Slouched
2026-05-23 13:57:16.831449,Surprise,26.42,Disengaged,Slouched
2026-05-23 13:57:17.052511,Surprise,26.91,Disengaged,Slouched
2026-05-23 13:57:17.241555,Surprise,27.31,Disengaged,Slouched
2026-05-23 13:57:17.441607,Surprise,26.32,Disengaged,Slouched
2026-05-23 13:57:17.632655,Surprise,27.17,Disengaged,Slouched
2026-05-23 13:57:17.841706,Surprise,26.67,Disengaged,Slouched
2026-05-23 13:57:18.056762,Surprise,26.92,Disengaged,Slouched
2026-05-23 13:57:18.251811,Surprise,27.29,Disengaged,Slouched
2026-05-23 13:57:18.500877,Surprise,27.34,Disengaged,Slouched
2026-05-23 13:57:18.703926,Surprise,26.84,Disengaged,Slouched
2026-05-23 13:57:18.899975,Surprise,26.39,Disengaged,Slouched
2026-05-23 13:57:19.097027,Surprise,26.55,Disengaged,Slouched
2026-05-23 13:57:19.287074,Surprise,26.76,Disengaged,Slouched
2026-05-23 13:57:19.495136,Surprise,27.02,Disengaged,Slouched
2026-05-23 13:57:19.742189,Surprise,26.09,Disengaged,Slouched
2026-05-23 13:57:20.030260,Surprise,26.7,Disengaged,Slouched
2026-05-23 13:57:20.276327,Surprise,26.35,Disengaged,Slouched
2026-05-23 13:57:20.514385,Surprise,26.46,Disengaged,Slouched
2026-05-23 13:57:20.744442,Surprise,26.82,Disengaged,Slouched
2026-05-23 13:57:21.174558,Surprise,26.77,Disengaged,Slouched
2026-05-23 13:57:21.565653,Surprise,26.78,Disengaged,Slouched
2026-05-23 13:57:22.331845,Surprise,26.61,Disengaged,Slouched
2026-05-23 13:57:23.414119,Surprise,26.61,Disengaged,Slouched
2026-05-23 13:57:23.639179,Surprise,26.82,Disengaged,Slouched
2026-05-23 13:57:23.960258,Surprise,26.34,Disengaged,Slouched
2026-05-23 13:57:24.315344,Surprise,26.75,Disengaged,Slouched
2026-05-23 13:57:24.773465,Surprise,26.05,Disengaged,Slouched
2026-05-23 13:57:25.058537,Surprise,26.41,Disengaged,Slouched
2026-05-23 13:57:25.389621,Surprise,26.25,Disengaged,Slouched
2026-05-23 13:57:25.597271,Surprise,26.7,Disengaged,Slouched
2026-05-23 13:57:25.810324,Surprise,26.58,Disengaged,Slouched
2026-05-23 13:57:26.077392,Surprise,26.53,Disengaged,Slouched
2026-05-23 13:57:26.326455,Surprise,26.72,Disengaged,Slouched
2026-05-23 13:57:26.584123,Surprise,27.06,Disengaged,Slouched
2026-05-23 13:57:26.896201,Surprise,26.28,Disengaged,Slouched
2026-05-23 13:57:27.193278,Surprise,26.38,Disengaged,Slouched
2026-05-23 13:57:27.581375,Surprise,28.78,Disengaged,Slouched
2026-05-23 13:57:35.475962,Surprise,28.7,Disengaged,Slouched
2026-05-23 13:57:42.913975,Surprise,28.79,Disengaged,Slouched
2026-05-23 13:57:48.045279,Surprise,28.49,Disengaged,Slouched
2026-05-23 13:57:51.733769,Surprise,29.34,Disengaged,Slouched
